-- phpMyAdmin SQL Dump
-- version 5.2.0
-- https://www.phpmyadmin.net/
--
-- Host: 127.0.0.1
-- Generation Time: Jan 10, 2023 at 06:11 AM
-- Server version: 10.4.27-MariaDB
-- PHP Version: 8.1.12

SET SQL_MODE = "NO_AUTO_VALUE_ON_ZERO";
START TRANSACTION;
SET time_zone = "+00:00";


/*!40101 SET @OLD_CHARACTER_SET_CLIENT=@@CHARACTER_SET_CLIENT */;
/*!40101 SET @OLD_CHARACTER_SET_RESULTS=@@CHARACTER_SET_RESULTS */;
/*!40101 SET @OLD_COLLATION_CONNECTION=@@COLLATION_CONNECTION */;
/*!40101 SET NAMES utf8mb4 */;

--
-- Database: `htu_pos`
--

-- --------------------------------------------------------

--
-- Table structure for table `items`
--

CREATE TABLE `items` (
  `id` int(10) NOT NULL,
  `barcode` varchar(255) NOT NULL,
  `item_name` varchar(50) NOT NULL,
  `selling_price` float NOT NULL,
  `buying_price` float NOT NULL,
  `quantity` int(11) NOT NULL,
  `photo` varchar(255) DEFAULT NULL,
  `created_at` timestamp NOT NULL DEFAULT current_timestamp(),
  `updated_at` timestamp NOT NULL DEFAULT current_timestamp() ON UPDATE current_timestamp()
) ENGINE=InnoDB DEFAULT CHARSET=utf8mb4 COLLATE=utf8mb4_general_ci;

--
-- Dumping data for table `items`
--

INSERT INTO `items` (`id`, `barcode`, `item_name`, `selling_price`, `buying_price`, `quantity`, `photo`, `created_at`, `updated_at`) VALUES
(42, '7876845500', 'speaker', 10, 15, 99, './photos/item-speaker.webp', '2023-01-09 20:03:55', '2023-01-10 05:00:57'),
(43, '56756781001', 'headphones ', 13, 20, 100, './photos/item-headphones .webp', '2023-01-09 20:04:24', '2023-01-10 05:00:36'),
(44, '3423121215', 'Converter', 5, 11, 100, './photos/item-Converter.webp', '2023-01-09 20:04:51', '2023-01-10 05:00:27'),
(45, '2343245446456', 'Radio', 12, 19, 100, './photos/item-Radio.webp', '2023-01-09 20:21:00', '2023-01-09 20:21:00'),
(46, '4564575675678', 'JBL', 30, 40, 100, './photos/item-JBL.webp', '2023-01-09 20:21:49', '2023-01-09 20:21:49'),
(47, '687978978', 'GEL', 5, 7, 100, './photos/item-GEL.webp', '2023-01-09 20:22:31', '2023-01-09 20:22:31'),
(48, '789678443', 'Mic', 5, 9, 100, './photos/item-Mic.webp', '2023-01-09 20:23:27', '2023-01-09 20:23:27'),
(49, '67534634587', 'Stand ', 10, 15, 100, './photos/item-Stand .webp', '2023-01-09 20:24:07', '2023-01-09 20:24:07'),
(50, '456450450690', 'Screen ', 3, 10, 100, './photos/item-Screen .webp', '2023-01-09 20:27:32', '2023-01-09 20:27:32'),
(51, '98765409876', 'Mac Screen', 12, 20, 100, './photos/item-Mac Screen.webp', '2023-01-09 20:28:43', '2023-01-09 20:28:43'),
(52, '98765433', 'Watch', 50, 75, 100, './photos/item-Watch.webp', '2023-01-09 20:29:24', '2023-01-09 20:29:24'),
(53, '349898900890', 'Stand Lap', 5, 9, 100, './photos/item-Stand Lap.webp', '2023-01-09 20:30:57', '2023-01-09 20:30:57'),
(54, '5675679890232', 'Key Cleaner', 5, 10, 100, './photos/item-Key Cleaner.webp', '2023-01-09 20:31:46', '2023-01-09 20:31:46'),
(55, '67896854763646554', 'USB', 5, 10, 100, './photos/item-USB.webp', '2023-01-09 20:32:26', '2023-01-09 20:32:26'),
(56, '23564578900', 'Sticker Mouse', 1, 3, 100, './photos/item-Sticker Mouse.webp', '2023-01-09 20:33:26', '2023-01-09 20:33:26'),
(57, '565645322', 'speaker Light', 20, 30, 100, './photos/item-speaker Light.webp', '2023-01-09 20:34:41', '2023-01-09 20:34:41'),
(58, '5646556563', 'Blue speakers ', 13, 20, 100, './photos/item-Blue speakers .webp', '2023-01-09 20:35:23', '2023-01-09 20:35:23'),
(59, '4564564560', 'Cable', 3, 5, 100, './photos/item-Cable.webp', '2023-01-09 20:37:46', '2023-01-09 20:37:46');

-- --------------------------------------------------------

--
-- Table structure for table `transactions`
--

CREATE TABLE `transactions` (
  `id` int(10) UNSIGNED NOT NULL,
  `item_name` varchar(100) NOT NULL,
  `item_price` int(11) DEFAULT NULL,
  `item_quantity` int(50) NOT NULL,
  `total` int(50) NOT NULL,
  `created_at` timestamp NOT NULL DEFAULT current_timestamp(),
  `update_at` timestamp NOT NULL DEFAULT current_timestamp() ON UPDATE current_timestamp()
) ENGINE=InnoDB DEFAULT CHARSET=utf8mb4 COLLATE=utf8mb4_general_ci;

--
-- Dumping data for table `transactions`
--

INSERT INTO `transactions` (`id`, `item_name`, `item_price`, `item_quantity`, `total`, `created_at`, `update_at`) VALUES
(30, 'cola', 2, 5, 10, '2022-12-26 10:44:22', '2022-12-27 01:00:42'),
(31, 'asd', 3434, 1, 3434, '2022-12-26 10:44:22', '2022-12-26 10:44:22'),
(33, 'food', 446, 1, 446, '2022-12-26 10:44:53', '2022-12-26 10:44:53'),
(34, 'Ali Crane', 843, 1, 843, '2022-12-26 10:47:49', '2022-12-26 10:47:49'),
(36, 'Valentine Combs', 781, 12, 9372, '2022-12-26 15:55:17', '2022-12-26 15:55:17'),
(37, 'Alexandra Dalton', 161, 12, 1932, '2022-12-26 15:55:18', '2022-12-26 15:55:18'),
(38, 'Alexandra Dalton', 161, 12, 1932, '2022-12-26 15:55:18', '2022-12-26 15:55:18'),
(39, 'asd', 3434, 1, 3434, '2022-12-26 15:58:45', '2022-12-26 15:58:45'),
(40, 'food', 446, 11, 4906, '2022-12-26 15:58:58', '2022-12-26 15:58:58'),
(41, 'Alexandra Dalton', 161, 75, 12075, '2022-12-26 16:02:13', '2022-12-26 16:02:13'),
(42, 'Brenda Shepherd', 495, 17, 8415, '2022-12-26 16:02:30', '2022-12-26 16:02:30'),
(43, 'Ali Crane', 843, 1, 843, '2022-12-27 00:56:34', '2022-12-27 00:56:34'),
(45, 'Ali Crane', 843, 1, 843, '2022-12-27 00:58:13', '2022-12-27 00:58:13'),
(46, 'Ali Crane', 843, 11, 9273, '2022-12-27 03:22:25', '2022-12-27 03:22:25'),
(47, 'Valentine Combs', 781, 1, 781, '2022-12-27 03:22:41', '2022-12-27 03:22:41'),
(48, 'asd', 3434, 55, 188870, '2022-12-27 03:22:46', '2022-12-27 03:22:46'),
(50, 'Ali Crane', 843, 11, 9273, '2022-12-27 03:23:37', '2022-12-27 03:23:37'),
(51, 'Ali Crane', 843, 1, 843, '2022-12-27 03:25:12', '2022-12-27 03:25:12'),
(52, 'Ali Crane', 843, 11, 9273, '2022-12-27 03:25:32', '2022-12-27 03:25:32'),
(149, 'marlboro', 456, 1, 456, '2022-12-28 13:19:16', '2022-12-28 13:19:16'),
(150, 'marlboro', 456, 1, 456, '2022-12-28 13:19:49', '2022-12-28 13:19:49'),
(151, 'nest', 4, 1, 4, '2022-12-28 13:20:27', '2022-12-28 13:20:27'),
(152, 'marlboro', 456, 1, 456, '2022-12-28 13:21:07', '2022-12-28 13:21:07'),
(153, 'marlboro', 456, 1, 456, '2022-12-28 13:28:49', '2022-12-28 13:28:49'),
(154, 'nest', 4, 1, 4, '2022-12-28 13:34:34', '2022-12-28 13:34:34'),
(155, 'converter', 6, 1, 6, '2022-12-28 13:34:44', '2022-12-28 13:34:44'),
(156, 'marlboro', 456, 1, 456, '2022-12-28 13:45:45', '2022-12-28 13:45:45'),
(157, 'nest', 4, 1, 4, '2022-12-28 13:50:52', '2022-12-28 13:50:52'),
(158, 'nest', 4, 1, 4, '2022-12-28 13:51:05', '2022-12-28 13:51:05'),
(159, 'nest', 4, 1, 4, '2022-12-28 13:52:26', '2022-12-28 13:52:26'),
(160, 'nest', 4, 1, 4, '2022-12-28 13:52:41', '2022-12-28 13:52:41'),
(161, 'nest', 4, 1, 4, '2022-12-28 13:53:48', '2022-12-28 13:53:48'),
(162, 'nest', 4, 1, 4, '2022-12-28 13:54:19', '2022-12-28 13:54:19'),
(163, 'nest', 4, 1, 4, '2022-12-28 13:55:16', '2022-12-28 13:55:16'),
(164, 'nest', 4, 1, 4, '2022-12-28 13:59:19', '2022-12-28 13:59:19'),
(165, 'nest', 4, 1, 4, '2022-12-28 14:00:00', '2022-12-28 14:00:00'),
(166, 'nest', 4, 1, 4, '2022-12-28 14:02:09', '2022-12-28 14:02:09'),
(167, 'nest', 4, 1, 4, '2022-12-28 14:03:33', '2022-12-28 14:03:33'),
(168, 'nest', 4, 1, 4, '2022-12-28 14:08:03', '2022-12-28 14:08:03'),
(169, 'nest', 4, 1, 4, '2022-12-28 14:08:33', '2022-12-28 14:08:33'),
(170, 'nest', 4, 1, 4, '2022-12-28 14:08:48', '2022-12-28 14:08:48'),
(171, 'nest', 4, 1, 4, '2022-12-28 14:10:55', '2022-12-28 14:10:55'),
(172, 'nest', 4, 1, 4, '2022-12-28 14:11:54', '2022-12-28 14:11:54'),
(173, 'nest', 4, 1, 4, '2022-12-28 14:12:10', '2022-12-28 14:12:10'),
(174, 'nest', 4, 1, 4, '2022-12-28 14:13:13', '2022-12-28 14:13:13'),
(175, 'nest', 4, 1, 4, '2022-12-28 14:23:54', '2022-12-28 14:23:54'),
(176, 'nest', 4, 1, 4, '2022-12-28 14:23:59', '2022-12-28 14:23:59'),
(177, 'nest', 4, 1, 4, '2022-12-28 14:24:01', '2022-12-28 14:24:01'),
(178, 'nest', 4, 1, 4, '2022-12-28 14:24:04', '2022-12-28 14:24:04'),
(179, 'converter', 6, 1, 6, '2022-12-28 14:25:40', '2022-12-28 14:25:40'),
(180, 'converter', 6, 1, 6, '2022-12-28 14:25:44', '2022-12-28 14:25:44'),
(181, 'converter', 6, 1, 6, '2022-12-28 14:26:00', '2022-12-28 14:26:00'),
(182, 'converter', 6, 1, 6, '2022-12-28 14:26:02', '2022-12-28 14:26:02'),
(183, 'converter', 6, 11, 66, '2022-12-28 14:26:05', '2022-12-28 14:26:05'),
(184, 'converter', 6, 1, 6, '2022-12-28 14:26:15', '2022-12-28 14:26:15'),
(185, 'converter', 6, 1, 6, '2022-12-28 14:26:16', '2022-12-28 14:26:16'),
(186, 'converter', 6, 1, 6, '2022-12-28 14:26:18', '2022-12-28 14:26:18'),
(187, 'nest', 4, 1, 4, '2022-12-28 14:31:13', '2022-12-28 14:31:13'),
(188, 'nest', 4, 1, 4, '2022-12-28 14:31:47', '2022-12-28 14:31:47'),
(189, 'nest', 4, 1, 4, '2022-12-28 14:31:59', '2022-12-28 14:31:59'),
(190, 'nest', 4, 1, 4, '2022-12-28 14:33:13', '2022-12-28 14:33:13'),
(191, 'nest', 4, 1, 4, '2022-12-28 14:33:53', '2022-12-28 14:33:53'),
(192, 'nest', 4, 1, 4, '2022-12-28 14:47:44', '2022-12-28 14:47:44'),
(193, 'nest', 4, 1, 4, '2022-12-28 14:49:01', '2022-12-28 14:49:01'),
(194, 'nest', 4, 1, 4, '2022-12-28 14:49:08', '2022-12-28 14:49:08'),
(195, 'nest', 4, 1, 4, '2022-12-28 14:50:27', '2022-12-28 14:50:27'),
(196, 'nest', 4, 1, 4, '2022-12-28 14:50:38', '2022-12-28 14:50:38'),
(197, 'nest', 4, 1, 4, '2022-12-28 14:51:45', '2022-12-28 14:51:45'),
(198, 'nest', 4, 1, 4, '2022-12-28 14:53:42', '2022-12-28 14:53:42'),
(199, 'nest', 4, 1, 4, '2022-12-28 14:54:03', '2022-12-28 14:54:03'),
(200, 'nest', 4, 1, 4, '2022-12-28 15:00:21', '2022-12-28 15:00:21'),
(201, 'nest', 4, 1, 4, '2022-12-28 15:01:20', '2022-12-28 15:01:20'),
(202, 'nest', 4, 1, 4, '2022-12-28 15:09:21', '2022-12-28 15:09:21'),
(203, 'nest', 4, 1, 4, '2022-12-28 15:41:10', '2022-12-28 15:41:10'),
(204, 'nest', 4, 2, 8, '2022-12-28 15:41:14', '2022-12-28 15:41:14'),
(205, 'marlboro', 456, 1, 456, '2022-12-28 15:45:04', '2022-12-28 15:45:04'),
(206, 'marlboro', 456, 11, 5016, '2022-12-28 15:45:06', '2022-12-28 15:45:06'),
(208, 'marlboro', 456, 1, 456, '2022-12-28 15:45:37', '2022-12-28 15:45:37'),
(210, 'tablet stand', 9, 1, 9, '2022-12-28 15:46:56', '2022-12-28 15:46:56'),
(211, 'marlboro', 456, 1, 456, '2022-12-28 15:47:20', '2022-12-28 15:47:20'),
(216, 'Mouse', 15, 1, 15, '2022-12-29 02:28:24', '2022-12-29 02:28:24'),
(217, 'Mouse', 15, 1, 15, '2022-12-29 02:28:26', '2022-12-29 02:28:26'),
(218, 'Mouse', 15, 1, 15, '2022-12-29 02:40:06', '2022-12-29 02:40:06'),
(219, 'Smart Watch ', 30, 1, 30, '2022-12-29 02:40:11', '2022-12-29 02:40:11'),
(221, 'Gell', 5, 1, 5, '2022-12-29 02:40:14', '2022-12-29 02:40:14'),
(222, 'Gell', 5, 4, 20, '2022-12-29 02:41:00', '2022-12-29 02:41:00'),
(223, 'speaker', 16, 1, 16, '2022-12-29 02:56:40', '2022-12-29 02:56:40'),
(224, 'Mouse', 15, 1, 15, '2022-12-29 02:57:02', '2022-12-29 02:57:02'),
(225, 'Smart Watch ', 30, 1, 30, '2022-12-29 02:57:04', '2022-12-29 02:57:04'),
(226, 'Phone Holder', 5, 1, 5, '2022-12-29 02:57:06', '2022-12-29 02:57:06'),
(227, 'Mouse', 15, 1, 15, '2022-12-29 02:57:09', '2022-12-29 02:57:09'),
(228, 'Smart Watch ', 30, 14, 420, '2022-12-29 02:57:11', '2022-12-29 02:57:11'),
(229, 'Mouse', 15, 1, 15, '2022-12-29 15:25:30', '2022-12-29 15:25:30'),
(230, 'HDMI cable', 5, 1, 5, '2022-12-29 15:58:20', '2022-12-29 15:58:20'),
(231, 'HDMI cable', 5, 1, 5, '2022-12-29 15:58:22', '2022-12-29 15:58:22'),
(232, 'HDMI cable', 5, 1, 5, '2022-12-29 15:58:24', '2022-12-29 15:58:24'),
(233, 'HDMI cable', 5, 1, 5, '2022-12-29 15:58:26', '2022-12-29 15:58:26'),
(234, 'HDMI cable', 5, 12, 60, '2022-12-29 15:58:43', '2022-12-29 15:58:43'),
(235, 'HDMI cable', 5, 1, 5, '2022-12-29 15:58:51', '2022-12-29 15:58:51'),
(236, 'HDMI cable', 5, 1, 5, '2022-12-29 15:58:56', '2022-12-29 15:58:56'),
(237, 'HDMI cable', 5, 1, 5, '2022-12-29 15:58:57', '2022-12-29 15:58:57'),
(238, 'HDMI cable', 5, 1, 5, '2022-12-29 15:59:05', '2022-12-29 15:59:05'),
(239, 'HDMI cable', 5, 12, 60, '2022-12-29 15:59:17', '2022-12-29 15:59:17'),
(240, 'USB ', 8, 1, 8, '2022-12-30 12:41:44', '2022-12-30 12:41:44'),
(241, 'USB ', 8, 1, 8, '2022-12-30 12:43:51', '2022-12-30 12:43:51'),
(242, 'vga to hdmi', 7, 1, 7, '2022-12-30 12:47:06', '2022-12-30 12:47:06'),
(243, 'Myles Dyerqqwqwqwqwqw', 765, 1, 765, '2022-12-30 12:48:52', '2022-12-30 12:48:52'),
(244, 'Smart Watch ', 30, 1, 30, '2022-12-30 12:53:30', '2022-12-30 12:53:30'),
(245, 'Mouse', 15, 1, 15, '2022-12-30 12:54:27', '2022-12-30 12:54:27'),
(246, 'Mouse', 15, 1, 15, '2022-12-30 12:54:40', '2022-12-30 12:54:40'),
(247, 'Mouse', 15, 1, 15, '2022-12-30 12:56:17', '2022-12-30 12:56:17'),
(248, 'Mouse', 15, 21, 315, '2022-12-30 12:56:24', '2022-12-30 12:56:24'),
(249, 'Mouse', 15, 1, 15, '2022-12-30 12:58:30', '2022-12-30 12:58:30'),
(250, 'Mouse', 15, 1, 15, '2022-12-30 13:23:15', '2022-12-30 13:23:15'),
(251, 'Smart Watch ', 30, 1, 30, '2022-12-30 19:56:57', '2022-12-30 19:56:57'),
(252, 'Mouse', 15, 1, 15, '2022-12-31 04:14:39', '2022-12-31 04:14:39'),
(256, 'Gell', 5, 1, 5, '2022-12-31 10:04:23', '2022-12-31 10:04:23'),
(257, 'Mouse', 15, 1, 15, '2023-01-01 01:41:37', '2023-01-01 01:41:37'),
(259, 'Smart Watch ', 30, 2, 60, '2023-01-01 01:42:43', '2023-01-01 01:42:43'),
(260, 'Mouse', 15, 1, 15, '2023-01-01 15:30:39', '2023-01-01 15:30:39'),
(261, 'Mouse', 15, 1, 15, '2023-01-01 15:30:46', '2023-01-01 15:30:46'),
(262, 'Mouse', 15, 1, 15, '2023-01-01 15:31:00', '2023-01-01 15:31:00'),
(263, 'vga to hdmi', 7, 1, 7, '2023-01-01 16:49:35', '2023-01-01 16:49:35'),
(264, 'Mouse', 11, 1, 11, '2023-01-02 13:57:31', '2023-01-02 13:57:31'),
(265, 'Mouse', 11, 11, 121, '2023-01-02 13:57:38', '2023-01-02 13:57:38'),
(266, 'Mouse', 11, 1, 11, '2023-01-02 14:21:10', '2023-01-02 14:21:10'),
(267, 'Smart Watch ', 30, 1, 30, '2023-01-02 14:21:21', '2023-01-02 14:21:21'),
(268, 'Phone Holder', 5, 1, 5, '2023-01-02 14:21:31', '2023-01-02 14:21:31'),
(269, 'Stocker ', 5, 1, 5, '2023-01-02 14:21:59', '2023-01-02 14:21:59'),
(270, 'Stocker ', 5, 1, 5, '2023-01-02 14:22:09', '2023-01-02 14:22:09'),
(271, 'Stocker ', 5, 1, 5, '2023-01-02 14:22:22', '2023-01-02 14:22:22'),
(272, 'Mouse', 11, 1, 11, '2023-01-02 14:46:57', '2023-01-02 14:46:57'),
(273, 'Mouse', 11, 1, 11, '2023-01-02 14:47:27', '2023-01-02 14:47:27'),
(274, 'Mouse', 11, 1, 11, '2023-01-02 14:47:36', '2023-01-02 14:47:36'),
(275, 'Mouse', 11, 1, 11, '2023-01-02 14:47:47', '2023-01-02 14:47:47'),
(276, 'Mouse', 11, 1, 11, '2023-01-02 14:47:55', '2023-01-02 14:47:55'),
(277, 'Mouse', 11, 1, 11, '2023-01-02 14:47:57', '2023-01-02 14:47:57'),
(278, 'Mouse', 11, 11, 121, '2023-01-02 14:48:11', '2023-01-02 14:48:11'),
(279, 'Mouse', 11, 1, 11, '2023-01-02 14:48:23', '2023-01-02 14:48:23'),
(280, 'Mouse', 11, 1, 11, '2023-01-02 14:48:31', '2023-01-02 14:48:31'),
(281, 'Mouse', 11, 1, 11, '2023-01-02 14:49:10', '2023-01-02 14:49:10'),
(282, 'Mouse', 11, 1, 11, '2023-01-02 14:49:13', '2023-01-02 14:49:13'),
(283, 'Mouse', 11, 1, 11, '2023-01-02 14:50:04', '2023-01-02 14:50:04'),
(284, 'Mouse', 11, 5, 55, '2023-01-02 14:50:25', '2023-01-02 14:50:25'),
(285, 'Mouse', 11, 1, 11, '2023-01-02 14:50:35', '2023-01-02 14:50:35'),
(286, 'Smart Watch ', 30, 1, 30, '2023-01-02 14:51:16', '2023-01-02 14:51:16'),
(287, 'Mouse', 11, 1, 11, '2023-01-02 14:51:32', '2023-01-02 14:51:32'),
(288, 'Mouse', 11, 1, 11, '2023-01-02 14:54:15', '2023-01-02 14:54:15'),
(289, 'Mouse', 11, 5, 55, '2023-01-02 15:11:51', '2023-01-02 15:11:51'),
(290, 'Mouse', 11, 1, 11, '2023-01-02 15:12:08', '2023-01-02 15:12:08'),
(291, 'Smart Watch ', 30, 1, 30, '2023-01-02 15:12:12', '2023-01-02 15:12:12'),
(292, 'Mouse', 11, 1, 11, '2023-01-03 02:15:44', '2023-01-03 02:15:44'),
(294, 'Watch ', 30, 1, 30, '2023-01-03 03:23:05', '2023-01-03 03:23:05'),
(295, 'JBL', 40, 1, 40, '2023-01-03 03:23:08', '2023-01-03 03:23:08'),
(296, 'Mouse', 11, 1, 11, '2023-01-03 04:13:05', '2023-01-03 04:13:05'),
(297, 'holder', 5, 1, 5, '2023-01-03 04:13:13', '2023-01-03 04:13:13'),
(298, 'HDMI ', 5, 1, 5, '2023-01-03 20:52:45', '2023-01-03 20:52:45'),
(299, 'speaker', 16, 1, 16, '2023-01-03 20:52:48', '2023-01-03 20:52:48'),
(300, 'Small ', 7, 1, 7, '2023-01-03 20:52:53', '2023-01-03 20:52:53'),
(301, 'vga ', 7, 1, 7, '2023-01-03 20:53:14', '2023-01-03 20:53:14'),
(302, 'Blue ', 20, 1, 20, '2023-01-03 20:53:19', '2023-01-03 20:53:19'),
(303, 'Mouse', 11, 1, 11, '2023-01-03 21:18:46', '2023-01-03 21:18:46'),
(304, 'Mouse', 11, 1, 11, '2023-01-03 21:18:55', '2023-01-03 21:18:55'),
(305, 'Mouse', 11, 1, 11, '2023-01-06 01:02:24', '2023-01-06 01:02:24'),
(306, 'Mouse', 11, 1, 11, '2023-01-06 01:03:34', '2023-01-06 01:03:34'),
(307, 'Watch ', 30, 3, 90, '2023-01-06 01:03:38', '2023-01-06 01:03:38'),
(308, 'JBL', 40, 1, 40, '2023-01-06 01:03:41', '2023-01-06 01:03:41'),
(309, 'holder', 5, 1, 5, '2023-01-06 01:03:43', '2023-01-06 01:03:43'),
(310, 'Mouse', 11, 1, 11, '2023-01-06 01:03:59', '2023-01-06 01:03:59'),
(311, 'Mouse', 11, 1, 11, '2023-01-09 13:34:27', '2023-01-09 13:34:27'),
(312, 'Mouse', 11, 2, 22, '2023-01-09 13:34:32', '2023-01-09 13:34:49'),
(313, 'Mouse', 11, 2, 22, '2023-01-09 13:35:12', '2023-01-09 13:35:20'),
(324, 'speaker', 15, 1, 15, '2023-01-10 05:00:57', '2023-01-10 05:00:57');

-- --------------------------------------------------------

--
-- Table structure for table `transaction_user`
--

CREATE TABLE `transaction_user` (
  `id` int(10) UNSIGNED NOT NULL,
  `transaction_id` int(10) UNSIGNED NOT NULL,
  `user_id` int(10) UNSIGNED NOT NULL
) ENGINE=InnoDB DEFAULT CHARSET=utf8mb4 COLLATE=utf8mb4_general_ci;

--
-- Dumping data for table `transaction_user`
--

INSERT INTO `transaction_user` (`id`, `transaction_id`, `user_id`) VALUES
(294, 294, 129),
(295, 295, 129),
(296, 296, 129),
(297, 297, 129),
(298, 298, 129),
(299, 299, 129),
(300, 300, 129),
(301, 301, 129),
(302, 302, 129),
(303, 303, 132),
(304, 304, 132),
(305, 305, 129),
(306, 306, 129),
(307, 307, 129),
(308, 308, 129),
(309, 309, 129),
(310, 310, 129),
(311, 311, 129),
(312, 312, 129),
(313, 313, 129),
(324, 324, 129);

-- --------------------------------------------------------

--
-- Table structure for table `users`
--

CREATE TABLE `users` (
  `id` int(10) UNSIGNED NOT NULL,
  `display_name` varchar(30) NOT NULL,
  `username` varchar(30) NOT NULL,
  `email` varchar(30) NOT NULL,
  `password` varchar(255) NOT NULL,
  `permissions` longtext DEFAULT NULL,
  `photo` varchar(255) DEFAULT NULL,
  `role` enum('Admin','Seller','Procurement','Accountant') DEFAULT NULL,
  `salary` int(250) DEFAULT NULL,
  `last_login` varchar(255) DEFAULT NULL,
  `last_logout` varchar(255) DEFAULT NULL,
  `active` tinyint(1) DEFAULT NULL,
  `message` longtext DEFAULT NULL,
  `updated_at` timestamp(6) NOT NULL DEFAULT current_timestamp(6),
  `created_at` timestamp(6) NOT NULL DEFAULT current_timestamp(6)
) ENGINE=InnoDB DEFAULT CHARSET=utf8mb4 COLLATE=utf8mb4_general_ci;

--
-- Dumping data for table `users`
--

INSERT INTO `users` (`id`, `display_name`, `username`, `email`, `password`, `permissions`, `photo`, `role`, `salary`, `last_login`, `last_logout`, `active`, `message`, `updated_at`, `created_at`) VALUES
(129, 'Mariam ', 'Mariam', 'mari@gmail.com', '$2y$10$sPgMu3CNO7ENO7KBs2e3B.96qPYKIOhUq9suI.FwMg18/4MKcS/o.', 'a:17:{i:0;s:9:\"user:read\";i:1;s:11:\"user:create\";i:2;s:11:\"user:update\";i:3;s:11:\"user:delete\";i:4;s:9:\"item:read\";i:5;s:11:\"item:create\";i:6;s:11:\"item:update\";i:7;s:11:\"item:delete\";i:8;s:16:\"transaction:read\";i:9;s:18:\"transaction:create\";i:10;s:18:\"transaction:update\";i:11;s:18:\"transaction:delete\";i:12;s:12:\"selling:read\";i:13;s:14:\"selling:create\";i:14;s:14:\"selling:update\";i:15;s:14:\"selling:delete\";i:16;s:15:\"admin:dashboard\";}', './photos/user-Mariam.jpeg', 'Admin', 700, '2023-01-10 06:54:33', '2023-01-09 23:15:53', 1, 'dfahfhdhdh', '2022-12-27 09:17:53.315995', '2022-12-27 09:17:53.315995'),
(130, 'rami', 'rami', 'rami@gmail.com', '$2y$10$sPgMu3CNO7ENO7KBs2e3B.96qPYKIOhUq9suI.FwMg18/4MKcS/o.', 'a:5:{i:0;s:12:\"selling:read\";i:1;s:14:\"selling:create\";i:2;s:14:\"selling:update\";i:3;s:14:\"selling:delete\";i:4;s:17:\"selling:dashboard\";}', './photos/user-rami.jpeg', 'Seller', 300, NULL, NULL, NULL, 'hi', '2022-12-27 09:19:57.361905', '2022-12-27 09:19:57.361905'),
(132, 'fadi', 'fadi', 'fadi@gmail.com', '$2y$10$sPgMu3CNO7ENO7KBs2e3B.96qPYKIOhUq9suI.FwMg18/4MKcS/o.', 'a:5:{i:0;s:9:\"item:read\";i:1;s:11:\"item:create\";i:2;s:11:\"item:update\";i:3;s:11:\"item:delete\";i:4;s:14:\"item:dashboard\";}', './photos/user-fadi.webp', 'Procurement', 500, '2023-01-09 17:49:29', '2023-01-09 17:49:48', 0, 'Hello', '2022-12-27 09:41:26.064057', '2022-12-27 09:41:26.064057'),
(133, 'mohammad', 'mohammad', 'mohammad@yahoo.com', '$2y$10$sPgMu3CNO7ENO7KBs2e3B.96qPYKIOhUq9suI.FwMg18/4MKcS/o.', 'a:4:{i:0;s:16:\"transaction:read\";i:1;s:18:\"transaction:update\";i:2;s:18:\"transaction:delete\";i:3;s:21:\"transaction:dashboard\";}', './photos/user-mohammad.webp', 'Accountant', 600, '2023-01-09 17:49:55', '2023-01-09 17:50:17', 0, NULL, '2022-12-27 09:42:18.022871', '2022-12-27 09:42:18.022871'),
(134, 'Ahmad_masheh', 'ahmad', 'ahmad@gmail.com', '$2y$10$sPgMu3CNO7ENO7KBs2e3B.96qPYKIOhUq9suI.FwMg18/4MKcS/o.', 'a:5:{i:0;s:12:\"selling:read\";i:1;s:14:\"selling:create\";i:2;s:14:\"selling:update\";i:3;s:14:\"selling:delete\";i:4;s:17:\"selling:dashboard\";}', './photos/user-ahmad.jpeg', 'Seller', 540, '2023-01-09 17:42:58', '2023-01-09 17:49:17', 0, 'hi who are you', '2022-12-27 09:42:59.769334', '2022-12-27 09:42:59.769334'),
(136, 'hadi', 'hadi', 'hadi@gamil.com', '$2y$10$sPgMu3CNO7ENO7KBs2e3B.96qPYKIOhUq9suI.FwMg18/4MKcS/o.', 'a:5:{i:0;s:12:\"selling:read\";i:1;s:14:\"selling:create\";i:2;s:14:\"selling:update\";i:3;s:14:\"selling:delete\";i:4;s:17:\"selling:dashboard\";}', './photos/user-hadi.jpeg', 'Seller', 400, '2023-01-09 17:50:25', '2023-01-09 17:50:57', 0, NULL, '2022-12-28 05:13:52.599523', '2022-12-28 05:13:52.599523');

--
-- Indexes for dumped tables
--

--
-- Indexes for table `items`
--
ALTER TABLE `items`
  ADD PRIMARY KEY (`id`),
  ADD UNIQUE KEY `item_name` (`item_name`),
  ADD UNIQUE KEY `item_name_2` (`item_name`),
  ADD UNIQUE KEY `item_name_3` (`item_name`),
  ADD UNIQUE KEY `item_name_4` (`item_name`),
  ADD UNIQUE KEY `item_name_5` (`item_name`),
  ADD UNIQUE KEY `item_name_6` (`item_name`),
  ADD UNIQUE KEY `item_name_7` (`item_name`);

--
-- Indexes for table `transactions`
--
ALTER TABLE `transactions`
  ADD PRIMARY KEY (`id`);

--
-- Indexes for table `transaction_user`
--
ALTER TABLE `transaction_user`
  ADD PRIMARY KEY (`id`);

--
-- Indexes for table `users`
--
ALTER TABLE `users`
  ADD PRIMARY KEY (`id`),
  ADD UNIQUE KEY `username` (`username`,`email`);

--
-- AUTO_INCREMENT for dumped tables
--

--
-- AUTO_INCREMENT for table `items`
--
ALTER TABLE `items`
  MODIFY `id` int(10) NOT NULL AUTO_INCREMENT, AUTO_INCREMENT=60;

--
-- AUTO_INCREMENT for table `transactions`
--
ALTER TABLE `transactions`
  MODIFY `id` int(10) UNSIGNED NOT NULL AUTO_INCREMENT, AUTO_INCREMENT=325;

--
-- AUTO_INCREMENT for table `transaction_user`
--
ALTER TABLE `transaction_user`
  MODIFY `id` int(10) UNSIGNED NOT NULL AUTO_INCREMENT, AUTO_INCREMENT=325;

--
-- AUTO_INCREMENT for table `users`
--
ALTER TABLE `users`
  MODIFY `id` int(10) UNSIGNED NOT NULL AUTO_INCREMENT, AUTO_INCREMENT=155;
COMMIT;

/*!40101 SET CHARACTER_SET_CLIENT=@OLD_CHARACTER_SET_CLIENT */;
/*!40101 SET CHARACTER_SET_RESULTS=@OLD_CHARACTER_SET_RESULTS */;
/*!40101 SET COLLATION_CONNECTION=@OLD_COLLATION_CONNECTION */;
